Date,High,Low,LTP,Quantity,Turnover,Open,positive,negative,neutral
10/24/2011,100,100,100,44710,4471000,100,0.321719575,0.650107197,0.028173231
10/25/2011,100,100,100,29060,2906000,100,0.475394605,0.431719534,0.092885847
10/30/2011,98,98,98,200,19600,100,0.300238672,0.691556224,0.008205093
10/31/2011,100,99,100,56120,5611890,98,0.298020429,0.266248655,0.435730923
11/3/2011,100,100,100,11180,1118000,100,0.341387679,0.633916607,0.024695695
11/8/2011,100,98,100,9120,911680,100,0.360956896,0.428627025,0.210416064
11/10/2011,100,99,100,208360,20813645,100,0.315334225,0.608410198,0.076255572
11/13/2011,100,100,100,460,46000,100,0.157377829,0.747997221,0.094624958
11/16/2011,100,100,100,5020,502000,100,0.097940564,0.735142374,0.166917059
11/17/2011,100,100,100,13415,1341500,100,0.069071297,0.912917978,0.018010731
11/21/2011,100,100,100,44965,4496500,100,0.207563087,0.532177473,0.260259444
11/22/2011,100,100,100,12180,1218000,100,0.221462246,0.700036436,0.07850133
11/23/2011,101,101,101,145320,14677320,100,0.315439524,0.482692923,0.201867547
12/5/2011,99,99,99,30,2970,101,0.317648944,0.668578154,0.013772926
12/7/2011,100,100,100,240,24000,99,0.357665954,0.58790517,0.054428846
12/11/2011,100,100,100,8540,854000,100,0.249489737,0.256427329,0.494082949
12/13/2011,100,100,100,50,5000,100,0.27686825,0.486876403,0.236255345
12/14/2011,100,100,100,1550,155000,100,0.456702415,0.418480222,0.124817364
12/18/2011,100,100,100,50,5000,100,0.725154215,0.026293158,0.248552599
2/7/2012,99,99,99,20,1980,100,0.248201366,0.676704294,0.075094325
3/20/2012,99,99,99,40,3960,99,0.630163502,0.232248747,0.13758774
4/30/2012,100,98,100,5730,572650,99,0.207029893,0.699015186,0.093954914
7/8/2012,100,100,100,13810,1381000,100,0.061523142,0.869701099,0.068775765
7/16/2012,100,100,100,50,5000,100,0.249652764,0.577687231,0.172660022
8/1/2012,99,99,99,70,6930,100,0.259265567,0.611501471,0.129232959
9/18/2012,100,100,100,20,2000,99,0.501209706,0.416538309,0.082251971
2/5/2013,98,98,98,330,32340,100,0.10753044,0.667502168,0.224967401
5/20/2013,97,96,96,70,6740,98,0.400630094,0.512941165,0.086428752
7/7/2013,98,97,98,80,7780,96,0.362355549,0.625536752,0.012107711
7/8/2013,101,99,100,11240,1123940,98,0.208513195,0.569487727,0.221999072
7/9/2013,100,100,100,310,31000,100,0.454771332,0.529172318,0.016056354
8/1/2013,100,100,100,609080,60908000,100,0.3275214,0.524550621,0.147927966
8/4/2013,100,100,100,120,12000,100,0.208140095,0.617572207,0.17428768
8/11/2013,98,98,98,150,14700,100,0.153546792,0.736347766,0.110105454
10/7/2013,99,99,99,400,39600,98,0.361572221,0.605240577,0.033187198
10/22/2013,100,100,100,70,7000,99,0.559030712,0.370155372,0.07081391
10/31/2013,98,98,98,40,3920,100,0.237096844,0.632025465,0.130877701
12/3/2013,99,99,99,100,9900,98,0.434755488,0.506228636,0.059015848
3/24/2014,100,100,100,60,6000,99,0.599640618,0.333466383,0.066893
3/27/2014,100,100,100,59000,5900000,100,0.557914721,0.427374722,0.01471058
4/2/2014,100,100,100,100,10000,100,0.626078639,0.148071474,0.225849887
4/3/2014,110,102,110,100,10600,100,0.664470707,0.247278111,0.088251171
4/9/2014,112,112,112,20,2240,110,0.287340389,0.705473546,0.007186083
4/17/2014,116,114,116,1020,118280,112,0.705722937,0.195251997,0.099025048
4/23/2014,118,118,118,100,11800,116,0.502872313,0.373759506,0.123368172
4/27/2014,124,120,124,400,48800,118,0.385563175,0.585301695,0.029135121
4/29/2014,128,126,128,1050,134300,124,0.329997962,0.483218292,0.186783738
5/8/2014,134,130,134,1750,232300,128,0.366209227,0.467052388,0.16673839
6/17/2014,140,136,0,30,4140,134,0.597438658,0.383935479,0.018625867
6/19/2014,142,142,142,20,2840,140,0.360758342,0.605222729,0.034018933
6/25/2014,153,144,153,60,8940,142,0.154314991,0.70393995,0.141745056
7/1/2014,156,156,156,20,3120,153,0.274037969,0.666536469,0.05942553
7/8/2014,171,159,171,100,16500,156,0.248979939,0.747803591,0.003216478
7/22/2014,181,174,181,710,124550,171,0.499592477,0.45917635,0.041231162
7/23/2014,184,184,184,30,5520,181,0.455525118,0.490154668,0.054320213
8/3/2014,187,187,187,50,9350,184,0.41538089,0.452976709,0.131642406
8/5/2014,190,190,190,180,34200,187,0.483773202,0.444866604,0.071360198
8/6/2014,193,193,193,50,9650,190,0.348584494,0.589532488,0.06188303
8/12/2014,193,193,193,20,3860,193,0.310747692,0.445082511,0.244169794
8/18/2014,199,196,199,40,7900,193,0.221428074,0.540992858,0.237579072
9/1/2014,199,199,199,4470,889530,199,0.458544117,0.453169662,0.088286209
9/9/2014,210,202,210,60,12360,199,0.680606084,0.216086266,0.103307645
9/28/2014,218,214,218,70,15180,210,0.142804122,0.715049302,0.142146577
9/29/2014,218,218,218,500,109000,218,0.135951661,0.86262575,0.001422563
10/13/2014,222,222,222,30,6660,218,0.729417779,0.198185858,0.072396381
10/30/2014,222,222,222,20,4440,222,0.526925471,0.360607802,0.112466721
11/2/2014,234,226,234,60,13800,222,0.587027364,0.221408992,0.191563637
11/4/2014,238,238,238,60,14280,234,0.463111155,0.372019393,0.164869465
11/6/2014,253,249,253,20,5020,238,0.437463294,0.436994215,0.125542489
11/9/2014,263,258,263,1450,381100,253,0.326274401,0.530031511,0.143694106
11/17/2014,283,268,283,60,16680,263,0.434258761,0.491243832,0.074497411
11/30/2014,293,288,293,30,8740,283,0.445874201,0.451818994,0.102306804
12/1/2014,298,298,298,50,14900,293,0.446955933,0.431330835,0.121713243
12/7/2014,303,303,303,10,3030,298,0.48882533,0.453858505,0.057316155
12/8/2014,321,309,321,250,79050,303,0.44443311,0.4724775,0.083089386
12/9/2014,345,327,345,1090,372090,321,0.458179855,0.513754112,0.028066054
12/11/2014,393,365,393,870,338210,358,0.062009101,0.934499621,0.003491277
12/14/2014,432,400,432,2450,1019120,393,0.390131302,0.576867574,0.033001087
12/15/2014,456,424,456,240,104720,432,0.320403583,0.531013913,0.148582496
12/16/2014,465,456,464,190,87900,456,0.469012453,0.400422114,0.130565442
12/17/2014,460,455,460,310,142300,464,0.611780064,0.271278121,0.116941814
12/18/2014,484,469,484,180,85620,460,0.416775893,0.495261369,0.087962751
12/21/2014,493,473,473,1310,632130,484,0.502309311,0.375748586,0.121942124
12/28/2014,464,438,438,60,26870,473,0.012739084,0.715872056,0.271388873
1/5/2015,430,406,406,180,73800,438,0.403855309,0.581037584,0.015107097
1/6/2015,446,398,446,2480,1093720,406,0.473314212,0.38161477,0.145071019
1/7/2015,490,450,490,2210,1064870,446,0.549825829,0.441486398,0.008687754
1/8/2015,539,499,539,1430,766865,490,0.677435717,0.258917527,0.063646771
1/11/2015,592,549,592,460,259660,539,0.491180279,0.454525602,0.054294123
1/12/2015,639,603,639,220,136140,592,0.490730425,0.365847858,0.143421705
1/13/2015,702,651,702,3880,2717570,639,0.547117948,0.374987892,0.077894166
1/14/2015,772,716,772,4125,3164515,702,0.453966867,0.462046737,0.083986393
1/19/2015,818,787,818,30,24070,772,0.152863297,0.84022122,0.006915471
1/22/2015,802,737,737,70,53490,818,0.493825327,0.403158293,0.103016372
1/25/2015,723,664,664,1090,726120,737,0.284193263,0.699777988,0.016028741
1/26/2015,715,638,689,3715,2472850,664,0.311230128,0.596410117,0.092359757
1/27/2015,676,663,666,790,527570,689,0.696179115,0.22616679,0.077654113
1/28/2015,673,660,673,110,72730,666,0.509934274,0.479767221,0.010298499
1/29/2015,661,661,661,210,138810,673,0.320317263,0.610384615,0.069298103
2/1/2015,661,660,660,410,270840,661,0.34636689,0.537481348,0.116151765
2/2/2015,694,655,694,410,275340,660,0.415415055,0.18509588,0.399489057
2/3/2015,748,689,748,1865,1303970,694,0.486501791,0.458131526,0.055366692
2/4/2015,750,735,750,2065,1525780,748,0.554437415,0.381149823,0.064412774
2/5/2015,735,735,735,500,367500,750,0.288601734,0.402748319,0.308649951
2/8/2015,749,749,749,30,22470,735,0.38655572,0.435262486,0.178181779
2/9/2015,749,730,749,540,398490,749,0.517429323,0.479011953,0.003558713
2/10/2015,749,735,735,340,251720,749,0.398598035,0.462579131,0.138822824
2/11/2015,721,707,707,70,49770,735,0.443985646,0.467634372,0.088379983
2/22/2015,720,693,693,2270,1633080,707,0.254889751,0.741601168,0.003509089
2/26/2015,700,637,637,1630,1126200,693,0.389236644,0.493850901,0.116912442
3/1/2015,627,627,627,440,275880,637,0.35360175,0.589560938,0.056837313
3/2/2015,665,621,665,530,334190,627,0.427028459,0.430715014,0.142256522
3/3/2015,652,632,640,450,288800,665,0.426220476,0.433332798,0.140446724
3/4/2015,633,631,633,50,31610,640,0.448548189,0.480145842,0.071305983
3/9/2015,633,631,633,70,44230,633,0.339577597,0.573594806,0.086827598
3/10/2015,633,633,633,30,18990,633,0.611860557,0.245797024,0.142342416
3/11/2015,643,631,643,160,102280,633,0.417039276,0.365699106,0.217261614
3/12/2015,655,655,655,110,72050,643,0.501945117,0.299884877,0.198169976
3/16/2015,655,655,655,200,131000,655,0.39398792,0.43117167,0.174840431
3/17/2015,668,660,660,110,72680,655,0.690438707,0.218759002,0.090802299
3/18/2015,685,647,672,270,181480,660,0.689479531,0.25498975,0.055530721
3/19/2015,696,670,696,160,108370,672,0.512760744,0.465823089,0.021416172
3/22/2015,724,700,724,2225,1568310,696,0.650761097,0.177497245,0.171741658
3/23/2015,755,720,720,1310,958740,724,0.380960763,0.320325832,0.298713411
3/24/2015,706,705,706,345,243380,720,0.480129062,0.358560035,0.161310939
3/25/2015,711,700,710,740,521890,706,0.446224494,0.276496773,0.277278743
4/1/2015,710,710,710,20,14200,710,0.187061335,0.52238699,0.290551684
4/6/2015,700,700,700,40,28000,710,0.40422687,0.447758667,0.148014462
4/13/2015,700,686,686,80,55160,700,0.424849021,0.395401957,0.179749029
4/16/2015,680,680,680,20,13600,686,0.398270281,0.585217646,0.016512079
4/19/2015,667,667,667,40,26680,680,0.573358505,0.337454927,0.089186573
4/21/2015,655,642,642,740,478300,667,0.519392709,0.440093847,0.04051346
4/22/2015,630,625,630,150,93950,642,0.23996327,0.426868291,0.333168447
4/23/2015,638,638,638,110,70180,630,0.339196519,0.579336536,0.081466938
6/10/2015,630,630,630,30,18900,637,0.364476315,0.436021282,0.199502406
6/18/2015,618,618,618,10,6180,630,0.56235039,0.304862589,0.132787022
6/24/2015,606,594,594,20,12000,618,0.366596542,0.552135928,0.081267502
6/29/2015,590,569,572,1720,1004970,594,0.387507025,0.514569784,0.097923201
6/30/2015,562,561,562,1240,695770,572,0.521114525,0.460978052,0.017907414
7/1/2015,555,555,555,100,55500,562,0.4341304,0.287843434,0.278026166
7/2/2015,566,566,566,280,158480,555,0.475561109,0.30849127,0.215947629
7/5/2015,555,541,541,570,311210,566,0.515741474,0.228524177,0.255734344
7/6/2015,595,551,585,80,46300,541,0.638443746,0.345998267,0.015557981
7/8/2015,612,569,612,585,339780,585,0.337697784,0.646835379,0.015466825
7/13/2015,624,624,624,10,6240,612,0.615787141,0.270875218,0.113337643
7/14/2015,650,635,650,230,148550,624,0.377637097,0.442562429,0.179800494
7/16/2015,684,663,684,30,20230,650,0.419218253,0.302463761,0.278317993
7/22/2015,710,697,710,20,14070,684,0.712335108,0.260650803,0.027014079
7/23/2015,738,724,738,20,14620,710,0.450522238,0.508534393,0.040943387
7/27/2015,752,752,752,10,7520,738,0.446401473,0.507365065,0.046233466
7/30/2015,754,754,754,20,15080,752,0.329302033,0.549332424,0.121365532
8/20/2015,739,739,739,30,22170,754,0.333269392,0.525084075,0.141646527
8/26/2015,725,711,711,40,28720,739,0.628667335,0.271564476,0.099768189
9/9/2015,676,640,640,270,176300,711,0.481590368,0.214844738,0.303564904
9/10/2015,628,604,604,30,18480,640,0.476010779,0.361488665,0.162500557
9/13/2015,592,581,581,20,11730,604,0.002452467,0.99624145,0.00130616
9/14/2015,595,564,564,1415,822215,581,0.240334353,0.750146414,0.009519231
9/15/2015,575,554,556,530,295780,564,0.333543969,0.6631281,0.003327938
9/24/2015,549,549,549,250,137250,556,0.399274408,0.422121481,0.178604109
10/6/2015,550,540,550,160,87800,549,0.308557474,0.539937433,0.151505093
10/8/2015,540,540,540,200,108000,550,0.515164525,0.43121652,0.053618949
11/10/2015,530,530,530,50,26500,540,0.298654467,0.611863003,0.08948255
11/23/2015,520,520,520,10,5200,530,0.411262026,0.584728142,0.004009843
11/25/2015,510,510,510,100,51000,520,0.496251885,0.401476616,0.102271513
1/14/2016,495,495,495,350,173250,505,0.289150546,0.650133527,0.060715912
12/1/2016,510,500,510,200,101000,495,0.001905978,0.908245421,0.089848588
12/5/2016,520,520,520,10,5200,510,0.076592267,0.846188285,0.077219427
12/6/2016,530,530,530,110,58300,520,0.230844322,0.75015993,0.018995732
12/7/2016,572,540,572,100,54940,530,0.101209715,0.826029207,0.072761089
12/11/2016,605,583,605,110,64900,572,0.023022661,0.843162018,0.133815314
12/12/2016,665,617,665,630,416550,605,0.0838272,0.832882668,0.08329012
12/14/2016,731,678,731,1440,1049590,665,0.139054974,0.859339149,0.001605899
12/15/2016,804,745,790,1560,1233870,731,0.059275954,0.937049233,0.003674818
12/18/2016,790,779,780,150,117490,790,0.204665192,0.792503989,0.002830808
12/19/2016,780,780,780,155,120900,780,0.228381606,0.694131192,0.077487212
12/22/2016,765,750,750,40,30150,780,0.004175814,0.905033994,0.090790216
1/18/2017,735,675,675,400,275420,750,0.147656884,0.765491498,0.086851607
1/19/2017,662,625,637,785,493765,675,0.157241374,0.833994435,0.008764191
1/22/2017,660,649,660,200,130280,637,0.119854252,0.765568554,0.114577185
1/23/2017,660,635,635,140,90760,660,0.142550643,0.783834046,0.073615307
2/2/2017,623,611,620,50,30940,635,0.08196788,0.915189022,0.002843103
2/13/2017,608,608,608,100,60800,620,0.164746459,0.825308052,0.009945474
2/14/2017,600,600,600,50,30000,608,0.006720946,0.914794137,0.078484889
2/16/2017,595,595,595,30,17850,600,0.227383428,0.619325766,0.153290768
2/19/2017,590,580,580,400,235000,595,0.008450445,0.989852614,0.001696917
2/21/2017,591,591,591,10,5910,580,0.008364629,0.867022681,0.124612679
3/6/2017,580,580,580,20,11600,591,0.002861433,0.995922002,0.001216539
3/7/2017,570,548,548,300,166140,580,0.176222657,0.758857046,0.064920294
3/9/2017,540,494,494,1385,712550,548,0.012403353,0.985665726,0.001930925
3/13/2017,520,495,520,50,25200,494,0.233556519,0.676066102,0.090377378
3/14/2017,540,530,540,60,32300,520,0.237915296,0.683693514,0.078391189
3/15/2017,550,550,550,290,159500,540,0.114606834,0.617288756,0.268104398
3/19/2017,561,561,561,30,16830,550,0.09041371,0.908460967,0.001125316
3/20/2017,550,539,539,180,97540,561,0.003131789,0.995513046,0.001355174
3/21/2017,550,539,539,180,97300,539,0.0373466,0.764740212,0.197913199
3/23/2017,549,548,549,195,106870,539,0.014571341,0.938116851,0.047311788
3/28/2017,549,549,549,40,21960,549,0.214859218,0.740924064,0.044216733
3/29/2017,559,549,559,250,137350,549,0.00444944,0.916857868,0.078692693
4/9/2017,548,548,548,10,5480,559,0.10153322,0.729881535,0.168585235
4/11/2017,540,538,540,2170,1171470,548,0.002068041,0.996971303,0.000960656
4/12/2017,555,544,555,2840,1548330,540,0.088983316,0.851917527,0.05909916
4/13/2017,566,566,566,360,203760,555,0.078430227,0.843987353,0.077582416
4/16/2017,570,570,570,360,205200,566,0.082611506,0.853308414,0.064080097
4/18/2017,590,580,590,110,63900,570,0.099714294,0.800865147,0.099420567
4/19/2017,610,601,610,110,67010,590,0.09889875,0.790677872,0.110423389
4/24/2017,611,600,611,120,72220,610,0.003133432,0.913802021,0.083064547
4/25/2017,612,600,612,70,42600,611,0.025087911,0.971504544,0.00340756
5/11/2017,600,600,600,200,120000,612,0.001765969,0.997418606,0.000815419
5/15/2017,588,588,588,10,5880,600,0.005592217,0.988949138,0.005458644
5/17/2017,583,582,582,200,116420,588,0.080044843,0.764796442,0.155158705
5/18/2017,572,572,572,70,40040,582,0.1444257,0.763391593,0.092182695
5/21/2017,629,583,629,390,241400,572,0.089003117,0.827063109,0.083933775
5/22/2017,679,641,679,110,72100,629,0.041362573,0.655753114,0.302884316
6/1/2017,887,800,887,350,292850,841,0.014876889,0.769214196,0.215908905
6/4/2017,951,870,870,2110,1911730,887,0.099483135,0.801177949,0.099338939
6/5/2017,887,870,870,170,150450,870,0.221608816,0.773658727,0.004732438
6/6/2017,865,865,865,100,86500,870,0.292003524,0.704855838,0.00314066
6/7/2017,870,854,870,117,101317,865,0.246224705,0.384919755,0.368855527
6/8/2017,860,860,860,40,34400,870,0.003934874,0.769482529,0.226582576
6/11/2017,894,877,890,120,106710,860,0.002377547,0.888443688,0.1091788
6/13/2017,873,815,820,210,174740,890,0.0037349,0.994630623,0.001634462
6/14/2017,820,804,820,70,56600,820,0.014864024,0.903478503,0.081657429
6/15/2017,821,810,820,260,211250,820,0.013468186,0.901907006,0.084624812
6/21/2017,804,758,758,480,365200,820,0.079338854,0.918960061,0.001701101
6/22/2017,773,773,773,10,7730,758,0.070297386,0.858456242,0.071246369
6/27/2017,788,785,788,250,196400,773,0.04186822,0.874106838,0.084024948
7/3/2017,773,759,759,110,84330,788,0.00297216,0.995652303,0.001375528
7/4/2017,746,745,745,540,402340,759,0.100226155,0.874580052,0.025193786
7/5/2017,731,731,731,580,423980,745,0.097694889,0.899914224,0.002390875
7/6/2017,750,745,750,370,277400,731,0.098957966,0.898536107,0.002505902
7/9/2017,765,765,765,20,15300,750,0.134252459,0.793129313,0.072618222
7/13/2017,810,780,810,210,167850,765,0.146217916,0.793603106,0.060178983
7/16/2017,842,798,810,240,196650,810,0.00345247,0.995093381,0.001454164
7/17/2017,891,826,891,550,483960,810,0.084288298,0.914097504,0.001614193
7/18/2017,980,908,980,1050,1022850,891,0.095466434,0.898141427,0.00639214
7/19/2017,1078,999,1023,2827,2937391,980,0.017610342,0.652071725,0.330317934
7/20/2017,1025,995,1014,2053,2055465,1023,0.01375984,0.805875519,0.180364647
7/23/2017,1050,1014,1050,800,829660,1014,0.112528013,0.776231146,0.111240842
7/24/2017,1155,1071,1155,1590,1821060,1050,0.08530083,0.750312024,0.164387141
7/25/2017,1270,1178,1270,100,123580,1155,0.008914658,0.978554726,0.012530632
7/26/2017,1397,1295,1397,4820,6728190,1270,0.007162956,0.99059909,0.00223794
7/27/2017,1536,1424,1536,1090,1657400,1397,0.091409065,0.629086838,0.279504099
7/30/2017,1689,1566,1689,110,179690,1536,0.084947801,0.831433499,0.083618684
7/31/2017,1857,1722,1857,160,290770,1689,0.195529295,0.802561253,0.001909434
8/1/2017,2042,1894,2042,650,1319250,1857,0.142053048,0.575936519,0.282010433
8/2/2017,2246,2000,2070,11135,24113625,2042,0.002871625,0.920229881,0.076898476
8/3/2017,2111,1965,2015,2565,5252335,2070,0.079778431,0.576436336,0.34378523
8/6/2017,2080,1977,2050,1660,3362190,2015,0.1575564,0.758084302,0.084359284
8/7/2017,2091,2010,2035,9182,13192464,2050,0.149991816,0.772827529,0.077180634
8/9/2017,2001,1927,1927,940,1834280,2035,0.197299293,0.555075527,0.247625167
8/10/2017,1980,1900,1980,730,1412970,1927,0.217177365,0.492355878,0.290466741
8/13/2017,2050,1951,2050,435,867065,1980,0.093872001,0.840877449,0.065250527
8/15/2017,2009,1855,1855,50,96550,2050,0.099965567,0.80097628,0.099058147
8/16/2017,1818,1670,1670,195,333060,1855,0.110563011,0.783079158,0.106357832
8/17/2017,1637,1512,1512,100,155790,1670,0.05155539,0.725247437,0.223197188
8/20/2017,1482,1361,1362,4550,6203870,1512,0.221995662,0.677265158,0.100739167
8/21/2017,1335,1283,1283,140,182800,1362,0.217986317,0.558596587,0.223417106
8/22/2017,1258,1233,1233,1190,1469860,1283,0.316833655,0.62781373,0.055352618
8/23/2017,1209,1185,1201,1100,1329020,1233,0.264458945,0.624087919,0.111453173
8/24/2017,1279,1200,1279,415,512555,1201,0.005297495,0.990895501,0.003807007
8/27/2017,1406,1304,1406,80,108220,1279,0.01841572,0.929034579,0.052549703
8/28/2017,1546,1434,1546,3545,5458240,1406,0.281983965,0.520946251,0.197069784
8/30/2017,1650,1460,1465,1085,1663720,1546,0.350904695,0.436795592,0.21229971
8/31/2017,1494,1440,1490,1580,2312340,1465,0.190688859,0.665799319,0.143511816
9/4/2017,1461,1440,1440,150,217050,1490,0.173518721,0.713598555,0.112882721
9/6/2017,1412,1384,1411,60,84140,1440,0.198468245,0.798111864,0.003419899
9/7/2017,1383,1316,1346,590,790230,1411,0.198070753,0.528281802,0.273647457
9/10/2017,1320,1275,1275,50,65030,1346,0.091462599,0.817904881,0.090632531
9/11/2017,1383,1251,1350,437,584340,1275,0.138505006,0.859473623,0.002021362
9/13/2017,1323,1297,1297,110,142960,1350,0.202704676,0.789337593,0.007957731
9/14/2017,1348,1322,1340,400,534680,1297,0.202245857,0.787837172,0.009916984
9/18/2017,1350,1350,1350,30,40500,1340,0.255047027,0.70573388,0.039219095
10/8/2017,1350,1350,1350,10,13500,1350,0.138107138,0.791168085,0.070724755
10/10/2017,1323,1300,1300,100,131150,1350,0.006729214,0.991840243,0.001430537
10/11/2017,1274,1249,1249,40,50710,1300,0.184610256,0.813140331,0.00224942
10/17/2017,1273,1177,1177,300,365090,1249,0.089347955,0.908832547,0.001819498
10/25/2017,1200,1180,1180,440,525585,1177,0.18699517,0.808614629,0.004390238
10/29/2017,1200,1200,1200,20,24000,1180,0.134914755,0.79751694,0.067568307
10/30/2017,1224,1200,1200,25,30360,1200,0.005802245,0.79786834,0.196329431
11/1/2017,1200,1176,1176,20,23760,1200,0.152314541,0.687107098,0.160578356
11/2/2017,1153,1130,1150,450,517100,1176,0.141238449,0.716830887,0.141930648
11/5/2017,1127,1127,1127,20,22540,1150,0.142612002,0.435254211,0.422133785
11/8/2017,1105,1078,1078,80,87880,1127,0.091338747,0.717694714,0.190966539
11/13/2017,1099,1099,1099,60,65940,1078,0.10440425,0.635806705,0.259789034
11/14/2017,1120,1120,1120,10,11200,1099,0.184991096,0.624631362,0.190377559
11/15/2017,1232,1100,1232,1185,1375270,1120,0.154624855,0.689076701,0.156298432
11/16/2017,1355,1256,1355,4185,5644775,1232,0.004735138,0.808396867,0.186867994
11/19/2017,1479,1338,1387,1205,1686845,1355,0.071534369,0.786944338,0.141521298
11/29/2017,1360,1249,1249,150,190270,1387,0.0845163,0.832014195,0.083469523
11/30/2017,1239,1125,1215,1450,1675960,1249,0.132822038,0.865225457,0.001952498
12/4/2017,1238,1238,1238,20,24760,1215,0.148237738,0.778723326,0.073038944
12/5/2017,1287,1262,1287,60,76970,1238,0.288713971,0.708154189,0.003131835
12/11/2017,1290,1290,1290,200,258000,1287,0.145794498,0.8508307,0.003374817
12/17/2017,1265,1265,1265,10,12650,1290,0.302593522,0.61948583,0.077920643
12/19/2017,1240,1192,1192,200,242000,1265,0.133782085,0.799018228,0.067199669
12/20/2017,1169,1102,1102,420,473050,1192,0.107802826,0.838240792,0.053956411
12/21/2017,1124,1124,1124,50,56200,1102,0.078439938,0.83513604,0.086424025
12/24/2017,1168,1102,1168,290,333440,1124,0.062515534,0.85235519,0.085129277
12/26/2017,1145,1123,1123,340,385590,1168,0.013332699,0.807096732,0.179570568
12/27/2017,1110,1110,1110,100,111000,1123,0.258461291,0.681646095,0.059892629
12/28/2017,1150,1100,1150,585,664570,1110,0.131906894,0.670501867,0.197591256
12/31/2017,1196,1173,1180,140,165380,1150,0.147829075,0.783603253,0.068567644
1/1/2018,1203,1160,1203,1345,1590700,1180,0.086788232,0.84263719,0.070574564
1/2/2018,1284,1200,1220,2440,3043440,1203,0.178363746,0.696493742,0.125142505
1/3/2018,1199,1196,1198,190,227570,1220,0.297695719,0.594435829,0.107868446
1/4/2018,1227,1180,1205,245,299445,1198,0.180307666,0.816850251,0.002842084
1/7/2018,1309,1205,1260,1560,1973430,1205,0.118833541,0.877324167,0.003842288
1/8/2018,1285,1224,1272,800,1007650,1260,0.216689861,0.780283474,0.003026688
1/9/2018,1297,1265,1266,960,1223690,1272,0.161171006,0.828487068,0.010341925
1/10/2018,1275,1250,1275,267,334475,1266,0.117486097,0.782286341,0.100227571
1/14/2018,1300,1230,1235,830,1031090,1275,0.207243977,0.739628881,0.05312714
1/16/2018,1259,1259,1259,10,12590,1235,0.12347716,0.69117502,0.185347813
1/17/2018,1234,1234,1234,10,12340,1259,0.260048086,0.637274814,0.102677104
1/21/2018,1258,1258,1258,100,125800,1234,0.077229365,0.695344641,0.227425972
1/24/2018,1233,1185,1185,40,48600,1258,0.311689982,0.544856944,0.143453053
1/25/2018,1232,1208,1232,20,24400,1185,0.140405534,0.678597177,0.180997298
2/1/2018,1255,1253,1255,60,75230,1232,0.195110549,0.684483998,0.120405452
2/4/2018,1240,1192,1215,320,393610,1255,0.054932808,0.923811018,0.021256176
2/5/2018,1210,1210,1210,200,242000,1215,0.020921808,0.813320658,0.165757542
2/8/2018,1210,1210,1210,150,181500,1210,0.074030686,0.922101978,0.003867339
2/11/2018,1186,1186,1186,10,11860,1210,0.175181515,0.546826187,0.277992308
2/12/2018,1248,1205,1248,270,331850,1186,0.108839075,0.685684553,0.205476376
2/14/2018,1248,1225,1225,110,134980,1248,0.136827628,0.699226583,0.163945791
2/15/2018,1249,1210,1240,410,502650,1225,0.279616253,0.669345909,0.051037833
2/18/2018,1217,1200,1200,740,891860,1240,0.291498702,0.590120542,0.11838073
2/20/2018,1225,1210,1225,130,157750,1200,0.222711122,0.526549383,0.250739502
2/22/2018,1201,1201,1201,10,12010,1225,0.317129194,0.513127,0.16974381
2/26/2018,1179,1178,1179,30,35350,1201,0.489027769,0.415443399,0.095528851
2/27/2018,1160,1160,1160,40,46400,1179,0.300155555,0.613978204,0.085866244
2/28/2018,1140,1137,1140,300,341970,1160,0.351400157,0.575414907,0.073184946
3/4/2018,1118,1026,1026,1035,1092560,1140,0.317370336,0.624247227,0.058382414
3/5/2018,1010,926,926,800,756905,1026,0.295516421,0.613238683,0.091244892
3/6/2018,926,908,926,30,27420,926,0.20241447,0.793748055,0.00383746
3/7/2018,1018,944,1018,385,384840,926,0.237909201,0.71936937,0.042721426
3/13/2018,998,998,998,10,9980,1018,0.375533732,0.6215711,0.00289518
11/17/2019,1805,1770,1784,6730,12019896,1799,0.007190245,0.744534518,0.248275238
11/18/2019,1800,1757,1774,2199,3896161,1784,0.066408992,0.892521386,0.041069646
11/19/2019,1805,1750,1765,6274,11036130,1774,0.08438102,0.832247622,0.083371371
11/20/2019,1800,1760,1760,4972,8812292,1765,0.085710537,0.726715488,0.187573958
11/21/2019,1790,1750,1750,3740,6555125,1760,0.087604041,0.610103654,0.302292289
11/24/2019,1750,1730,1735,3213,5580781,1750,0.125628001,0.680187782,0.194184227
11/25/2019,1764,1704,1740,2910,5010130,1735,0.380911894,0.501398053,0.117690068
11/26/2019,1755,1735,1750,1240,2167690,1740,0.064234693,0.77952915,0.156236162
11/27/2019,1790,1755,1788,9835,17454090,1750,0.178686118,0.730621253,0.090692643
11/28/2019,1790,1742,1750,18987,33575063,1788,0.13541095,0.734768918,0.129820124
12/1/2019,1180,1123,1178,6478,7482918.5,1166.67,0.109986492,0.775961737,0.114051753
12/2/2019,1199,1176,1176,2335,2772505,1178,0.283719273,0.477309361,0.238971373
12/3/2019,1243,1180,1243,5378,6549802,1176,0.236566243,0.724988007,0.038445752
12/4/2019,1284,1243,1265,13177,16698723,1243,0.295160287,0.636881809,0.067957889
12/5/2019,1290,1235,1235,9345,11732705,1265,0.197927897,0.661942551,0.140129562
12/8/2019,1265,1230,1238,4039,5003375,1235,0.203749328,0.741951611,0.054299054
12/9/2019,1300,1242,1275,9777,12377485,1238,0.359006661,0.465871606,0.175121714
12/10/2019,1290,1250,1268,5638,7105315,1275,0.253433574,0.615615371,0.13095107
12/11/2019,1276,1251,1260,2660,3354004,1268,0.316324337,0.542485782,0.141189875
12/12/2019,1260,1240,1241,4178,5200765,1260,0.24024718,0.749561614,0.01019122
12/15/2019,1270,1250,1255,5236,6573906,1241,0.207972837,0.685709597,0.106317583
12/16/2019,1265,1245,1245,1565,1959925,1255,0.146033792,0.705263581,0.148702621
12/17/2019,1264,1248,1249,2850,3566330,1245,0.379834043,0.511895535,0.108270422
12/18/2019,1250,1238,1238,5285,6562230,1249,0.152950744,0.749867865,0.097181382
12/19/2019,1245,1225,1225,3060,3771165,1238,0.171180677,0.809472301,0.019347016
12/22/2019,1255,1230,1240,5625,6956640,1225,0.129072199,0.864856153,0.006071645
12/23/2019,1275,1226,1254,19926,24785360,1240,0.041139746,0.949869522,0.008990735
12/24/2019,1278,1230,1244,20220,25295467,1254,0.079333429,0.86321001,0.057456578
12/25/2019,1260,1218,1220,20515,25242607,1244,0.122059237,0.825285307,0.052655457
12/26/2019,1239,1181,1181,17595,21261689,1220,0.110030434,0.810948019,0.07902156
12/29/2019,1215,1180,1194,10341,12318176,1181,0.151333934,0.686719774,0.161946291
12/30/2019,1270,1191,1253,19593,24181629,1194,0.06285735,0.768554662,0.168587988
12/31/2019,1270,1220,1230,20477,25408992,1253,0.060216269,0.783124937,0.156658798
1/1/2020,1290,1216,1216,13680,16762640,1230,0.110791069,0.676603126,0.212605806
1/2/2020,1230,1214,1215,15377,18783406,1216,0.349224043,0.590319846,0.060456123
1/5/2020,1239,1200,1208,20703,25018518,1215,0.281041788,0.585549589,0.133408625
1/6/2020,1219,1208,1211,5388,6542757,1208,0.28319177,0.712818148,0.003990093
1/7/2020,1225,1205,1213,5512,6678422,1211,0.226436677,0.70791121,0.065652106
1/8/2020,1215,1200,1208,3920,4727285,1213,0.261817689,0.596533834,0.141648494
1/9/2020,1210,1198,1202,7834,9433803,1208,0.109916085,0.813040156,0.077043758
1/12/2020,1246,1213,1235,6058,7418495,1202,0.147890452,0.847266177,0.004843382
1/13/2020,1275,1215,1224,17693,21932365,1235,0.01049478,0.844131832,0.145373389
1/14/2020,1250,1219,1241,20310,24953414,1224,0.220758094,0.662754955,0.116486957
1/15/2020,1259,1234,1248,9409,11711580,1241,0.129040101,0.803542811,0.067417101
1/16/2020,1285,1250,1279,115512,144927476,1248,0.152212661,0.776214321,0.07157301
1/19/2020,1335,1280,1300,93257,121559895,1279,0.131481726,0.707675416,0.160842836
1/20/2020,1340,1275,1280,163125,209295936,1300,0.065596774,0.725597581,0.208805644
1/21/2020,1300,1257,1274,82968,105261756,1280,0.223297667,0.701245368,0.075456959
1/22/2020,1279,1255,1259,19576,24711574,1274,0.126796245,0.65151017,0.221693587
1/23/2020,1260,1234,1245,17585,21900895,1259,0.179322141,0.711469281,0.109208578
1/26/2020,1269,1224,1231,8935,11008650,1245,0.173952526,0.717972688,0.108074791
1/27/2020,1245,1216,1239,11987,14711451,1231,0.205177763,0.569788599,0.225033633
1/28/2020,1261,1220,1243,20186,24904456,1239,0.115842659,0.717396041,0.166761321
1/29/2020,1235,1205,1213,22124,26954067,1243,0.183829549,0.812646577,0.003523856
1/30/2020,1230,1205,1205,14825,18054805,1213,0.066310257,0.807773503,0.125916244
2/2/2020,1290,1217,1225,49965,61455223,1205,0.18665616,0.811058063,0.002285811
2/3/2020,1251,1220,1220,28061,34489780,1225,0.069603294,0.928023637,0.002373067
2/4/2020,1229,1210,1217,20345,24742625,1220,0.09289426,0.61850016,0.288605575
2/5/2020,1235,1215,1223,8940,10921684,1217,0.060878509,0.879646552,0.059474938
2/6/2020,1244,1218,1219,12444,15218165,1223,0.119849351,0.710733344,0.169417296
2/9/2020,1228,1210,1217,8692,10599245,1219,0.057943336,0.771904864,0.170151796
2/10/2020,1227,1215,1219,4480,5462760,1217,0.055755996,0.888948751,0.055295278
2/11/2020,1230,1220,1225,11528,14105807,1219,0.097943482,0.703700781,0.198355737
2/12/2020,1240,1226,1229,11690,14377015,1225,0.014326545,0.843536472,0.14213698
2/13/2020,1351,1245,1351,90962,120046641,1229,0.052006361,0.737696849,0.210296795
2/16/2020,1436,1320,1429,128872,180420315,1351,0.146828997,0.8481305,0.005040497
2/17/2020,1454,1395,1400,72592,102934784,1429,0.200361725,0.73044197,0.069196306
2/18/2020,1457,1400,1429,64032,91493762,1400,0.19497655,0.681580891,0.123442557
2/20/2020,1624,1549,1591,76559,122267869,1550,0.201434856,0.629291258,0.169273889
2/23/2020,1689,1590,1644,62997,103406138,1591,0.013608268,0.865977505,0.1204142
2/24/2020,1693,1622,1670,61801,102204897,1644,0.080652553,0.802870392,0.116477069
2/25/2020,1837,1645,1837,92255,163351168,1670,0.056541356,0.583356433,0.360102233
2/26/2020,1989,1873,1880,87081,167134171,1837,0.164155418,0.584402719,0.251441868
2/27/2020,1913,1779,1809,63082,115879664,1880,0.111534778,0.855162221,0.033303003
3/1/2020,1832,1756,1772,63816,113624658,1809,0.214453423,0.644133949,0.141412617
3/2/2020,1784,1681,1681,37578,64973232,1772,0.178800911,0.639752832,0.181446272
3/3/2020,1780,1624,1724,83945,142643520,1681,0.195403222,0.589250633,0.215346128
3/4/2020,1758,1605,1619,79695,132205078,1724,0.293990928,0.460789324,0.245219789
3/5/2020,1670,1564,1616,39721,64480027,1619,0.146364698,0.741108532,0.112526782
3/10/2020,1615,1501,1502,25007,39022649,1616,0.017324327,0.649154584,0.333521087
3/11/2020,1607,1500,1585,75630,118641842,1502,0.215443455,0.67126494,0.113291624
3/12/2020,1600,1515,1516,45675,70706646,1585,0.137257786,0.728752037,0.133990177
3/15/2020,1520,1434,1434,37442,54957581,1516,0.186817113,0.536284027,0.276898869
3/16/2020,1496,1390,1418,29042,41739646,1434,0.291935103,0.663988216,0.044076686
3/17/2020,1450,1340,1359,33954,46702227,1418,0.155509634,0.466006743,0.378483645
3/18/2020,1394,1310,1328,20856,27905894,1359,0.378501092,0.544225789,0.077273136
3/19/2020,1335,1270,1304,244568,313305487,1328,0.254444102,0.578192896,0.167362993
3/22/2020,1328,1275,1280,11330,14531835,1304,0.177151918,0.5223821,0.300465967
5/12/2020,1268,1242,1242,210,263430,1280,0.229187591,0.42933631,0.341476101
5/13/2020,1218,1205,1205,40,48460,1242,0.194388274,0.643255084,0.16235663
6/29/2020,1325,1140,1325,27925,34699972,1205,0.439991301,0.383601445,0.176407243
6/30/2020,1457,1350,1457,25495,36438060,1325,0.364428494,0.619204376,0.016367126
7/1/2020,1601,1470,1575,27096,42478075,1457,0.261872277,0.67420984,0.063917864
7/2/2020,1600,1418,1424,26660,38437265,1575,0.31961571,0.345873531,0.334510765
7/5/2020,1485,1415,1465,27895,40661336,1424,0.347859446,0.588241202,0.063899361
7/6/2020,1525,1454,1495,20701,30994757,1465,0.397894671,0.588080409,0.014024943
7/7/2020,1570,1496,1530,38238,58666883,1495,0.461867537,0.526774969,0.0113575
7/8/2020,1570,1496,1527,21194,32474186,1530,0.311035254,0.636384532,0.052580227
7/12/2020,1599,1540,1573,18065,28315071,1538,0.36862091,0.568006052,0.063373018
7/13/2020,1640,1572,1637,35360,56853044,1573,0.335711671,0.59398583,0.070302487
7/14/2020,1669,1601,1606,22438,36582616,1637,0.387255172,0.6008553,0.011889522
7/16/2020,1620,1595,1618,10906,17499477,1599,0.552999698,0.438653155,0.008347144
7/19/2020,1779,1650,1779,1500,2609560,1618,0.218699129,0.725598551,0.055702318
7/20/2020,1814,1637,1670,47723,80895003,1779,0.348362797,0.640255502,0.011381686
7/21/2020,1776,1651,1755,82166,142484299,1670,0.557875052,0.433785093,0.008339856
7/22/2020,1810,1732,1739,42384,74887476,1755,0.516001125,0.315302848,0.168696033
7/23/2020,1759,1723,1753,18768,32756856,1739,0.408541925,0.565351745,0.026106333
7/26/2020,1795,1750,1787,36203,64430387,1753,0.398932384,0.594874792,0.006192836
7/27/2020,1797,1736,1741,14804,25996279,1787,0.372727808,0.622654278,0.004617912
7/28/2020,1755,1706,1706,31706,54591359,1741,0.494405561,0.369580601,0.136013834
7/29/2020,1710,1676,1683,28148,47523883,1706,0.303411337,0.540055964,0.156532702
7/30/2020,1725,1666,1700,14529,24654045,1683,0.447639433,0.50891518,0.043445383
8/2/2020,1690,1640,1646,44311,73512256,1700,0.297335287,0.492593513,0.210071192
8/3/2020,1675,1626,1660,12970,21487090,1646,0.297105936,0.619933659,0.082960384
8/6/2020,1650,1615,1644,9397,15405037,1635,0.340089235,0.514856025,0.145054728
8/9/2020,1670,1620,1670,10092,16597121,1644,0.17189145,0.712816061,0.115292498
8/10/2020,1720,1670,1718,25644,43643645,1670,0.211652525,0.692099258,0.096248218
8/11/2020,1750,1690,1700,23615,40283452,1718,0.135698735,0.792984063,0.0713172
8/12/2020,1708,1677,1707,14839,25215105,1700,0.128874024,0.718912503,0.152213466
8/13/2020,1699,1677,1681,14990,25270870,1707,0.238477447,0.503435316,0.25808722
8/16/2020,1665,1597,1640,27421,45072176,1681,0.085615658,0.675751489,0.238632858
8/17/2020,1665,1634,1660,9537,15729698,1640,0.112972024,0.744811352,0.142216625
8/18/2020,1679,1650,1667,4675,7774480,1660,0.193285692,0.674245358,0.132468925
8/19/2020,1664,1626,1637,7274,11970520,1667,0.15096501,0.699766273,0.149268717
8/20/2020,1668,1637,1652,3506,5826020,1637,0.268493328,0.600169119,0.131337561
8/23/2020,1688,1654,1676,9661,16156265,1652,0.274202067,0.634279182,0.091518761
8/24/2020,1750,1704,1735,31543,54515107,1676,0.376498788,0.523389951,0.100111254
8/25/2020,1748,1710,1720,13370,23050072,1735,0.242826213,0.575921256,0.181252502
8/26/2020,1740,1710,1720,12970,22351873,1720,0.393198367,0.414033773,0.192767852
8/27/2020,1730,1710,1729,17616,30309016,1720,0.203366135,0.688456267,0.108177612
8/31/2020,1846,1780,1820,84373,153234426,1769,0.223698627,0.70045114,0.075850219
9/2/2020,1878,1824,1829,56496,104658548,1820,0.509135747,0.322856271,0.168007995
9/3/2020,1860,1793,1800,27052,49100853,1829,0.307629568,0.543906919,0.148463499
9/6/2020,1850,1760,1780,39347,70273982,1800,0.321872094,0.348389481,0.329738428
9/7/2020,1794,1758,1762,19413,34310547,1780,0.261290425,0.466951168,0.271758425
9/8/2020,1797,1740,1778,17035,30118293,1762,0.389138017,0.486869522,0.123992459
9/9/2020,1849,1800,1827,48116,88030033,1778,0.247262898,0.677980624,0.074756481
9/10/2020,1900,1829,1832,31965,59389710,1827,0.375860762,0.412113886,0.212025357
9/13/2020,1875,1810,1843,19292,35698285,1832,0.471288127,0.321253765,0.207458114
9/14/2020,1850,1810,1810,29386,53915031,1843,0.173075148,0.577096462,0.249828361
9/15/2020,1830,1790,1799,25603,46249299,1810,0.361851916,0.537134063,0.101014015
9/16/2020,1815,1795,1815,11083,19976892,1799,0.36173552,0.55906123,0.07920324
9/17/2020,1860,1824,1833,18047,33196783,1815,0.440004546,0.42753089,0.132464547
9/20/2020,1855,1817,1817,15199,27832055,1833,0.303253237,0.616638166,0.080108577
9/21/2020,1840,1805,1824,16621,30315384,1817,0.184242305,0.675167707,0.140589991
9/22/2020,1842,1780,1800,32376,58487960,1824,0.124912554,0.643331314,0.231756121
9/23/2020,1825,1785,1806,10033,18062430,1800,0.361179256,0.522384604,0.116436145
9/24/2020,1820,1805,1808,9969,18053928,1806,0.128169398,0.648790739,0.223039879
9/27/2020,1830,1805,1807,7509,13611116,1808,0.271758276,0.500801576,0.227440156
9/28/2020,1806,1787,1790,16104,28905915,1807,0.228064801,0.712233272,0.059701942
9/29/2020,1820,1773,1773,14229,25454750,1790,0.362393691,0.532223508,0.105382811
9/30/2020,1861,1764,1774,4498,8005985,1773,0.248160631,0.633340278,0.11849909
10/1/2020,1825,1782,1820,10138,18318250,1774,0.182487997,0.575499842,0.242012145
10/4/2020,1920,1820,1909,63746,119766236,1820,0.126229744,0.84800002,0.025770233
10/5/2020,1948,1897,1898,47052,90536507,1909,0.371091514,0.51345032,0.115458147
10/6/2020,1905,1860,1875,10480,19670183,1898,0.252362432,0.738459439,0.009178157
10/7/2020,1900,1860,1875,25491,47877810,1875,0.21607197,0.539279894,0.244648124
10/8/2020,1930,1875,1879,26867,50937194,1875,0.399726065,0.420789387,0.179484568
10/11/2020,1895,1855,1855,11855,22174495,1879,0.346915756,0.51249312,0.140591115
10/12/2020,1864,1837,1839,10435,19313063,1855,0.351256244,0.58733595,0.061407794
10/13/2020,1855,1816,1822,10285,18856955,1839,0.36167193,0.449954375,0.188373712
10/14/2020,1838,1813,1820,12366,22568947,1822,0.964033067,0.030769547,0.005197278
10/15/2020,1911,1804,1808,8202,14930299,1820,0.43666592,0.485813979,0.077520091
10/19/2020,1840,1810,1820,5646,10261913,1808,0.393753745,0.551868968,0.054377282
10/20/2020,1834,1820,1831,2668,4878773,1820,0.311752783,0.684010552,0.004236656
10/21/2020,1845,1826,1827,3985,7315090,1831,0.002438867,0.996388435,0.001172661
10/22/2020,1850,1825,1843,9993,18327531,1827,0.237804199,0.658934055,0.103261757
10/28/2020,1873,1850,1869,6783,12668910,1843,0.521393352,0.390168304,0.088438355
10/29/2020,1902,1857,1875,15854,29885863,1869,0.401283751,0.528575461,0.07014077
11/1/2020,1899,1875,1877,11425,21501215,1875,0.006937621,0.989673257,0.003389138
11/2/2020,1890,1867,1876,7763,14600752,1877,0.368053107,0.441355268,0.190591615
11/3/2020,1889,1870,1875,4703,8822165,1876,0.466078743,0.450778493,0.083142778
11/4/2020,1890,1871,1884,7390,13908876,1875,0.329911091,0.520852753,0.14923616
11/5/2020,1975,1852,1965,51908,100295664,1884,0.340453444,0.486938308,0.172608249
11/8/2020,2161,2000,2161,75723,159681663,1965,0.223847756,0.63260821,0.143544031
11/9/2020,2299,2170,2190,59929,133678276,2161,0.272637372,0.616323541,0.111039074
11/10/2020,2320,2170,2278,91668,208348811,2190,0.112927217,0.566093161,0.320979611
11/11/2020,2498,2300,2479,78642,188640696,2278,0.136598863,0.675277933,0.188123198
11/12/2020,2533,2420,2420,86814,214913977,2479,0.083958193,0.713789514,0.202252301
11/18/2020,2662,2541,2662,33535,89151975,2420,0.149028947,0.744281045,0.10669002
11/19/2020,2928,2795,2928,92818,270753539,2662,0.232410601,0.636606741,0.130982662
11/22/2020,3074,2800,2846,92844,265599487,2928,0.062177448,0.881025545,0.056797
11/23/2020,3130,2780,3115,97604,289707279,2846,0.412950382,0.448229022,0.138820583
11/24/2020,3426,3200,3426,62026,209478275,3115,0.327168237,0.615389355,0.057442401
11/25/2020,3768,3526,3675,31162,115875458,3426,0.279148302,0.551363351,0.169488352
11/26/2020,3740,3548,3575,60827,221264135,3675,0.266140922,0.441337983,0.292521084
11/29/2020,3700,3480,3600,66087,238940934,3575,0.193100626,0.754520197,0.052379161
11/30/2020,3845,3597,3771,39022,144813856,3600,0.231243912,0.545280329,0.223475772
12/1/2020,3810,3651,3700,36458,135877563,3771,0.256359947,0.687007952,0.056632115
12/2/2020,4070,3700,4070,56585,224671325,3700,0.026897796,0.961080001,0.012022202
12/3/2020,4299,3990,4000,31212,127728072,4070,0.298969484,0.586276531,0.114753978
12/6/2020,3976,3600,3602,35736,135291306,4000,0.151978349,0.671589903,0.176431746
12/7/2020,3849,3500,3820,36812,136411779,3602,0.120793415,0.785340666,0.093865919
12/8/2020,4000,3775,3849,19375,74614257,3820,0.257439069,0.591690463,0.15087047
12/9/2020,3899,3626,3709,18340,68235193,3849,0.290548597,0.583649644,0.125801748
12/10/2020,4079,3661,4045,46150,180074521,3709,0.152813608,0.642075918,0.205110489
12/13/2020,4445,4079,4415,70994,306582077,4045,0.123558426,0.853568121,0.022873442
12/14/2020,4635,4350,4398,37000,165292964,4415,0.124117565,0.696812469,0.179069961
12/15/2020,4450,4165,4280,35810,154079683,4398,0.25298723,0.663593857,0.083418921
12/16/2020,4427,4201,4375,30194,130917771,4280,0.138879004,0.807497615,0.053623395
12/17/2020,4462,4250,4400,38437,167518717,4375,0.161295283,0.681680113,0.157024606
12/20/2020,4840,4312,4560,79832,380163335,4400,0.112065094,0.720840395,0.167094496
12/21/2020,4780,4244,4682,59059,270043098,4560,0.119251,0.868717142,0.012031883
12/22/2020,4870,4655,4670,43201,204964728,4682,0.007640243,0.940615673,0.051744081
12/23/2020,4800,4588,4635,32249,149372032,4670,0.02297501,0.890472612,0.086552383
12/24/2020,4650,4486,4549,17661,80233896,4635,0.135847896,0.749376247,0.114775849
12/27/2020,4569,4400,4500,24045,107190188,4549,0.288462039,0.527885777,0.183652175
12/28/2020,4500,4391,4420,18649,82324704,4500,0.220970106,0.652199997,0.126829878
12/29/2020,4700,4425,4635,43542,200813104,4420,0.236071678,0.569834557,0.194093764
12/30/2020,5098,4675,5098,57929,286713942,4635,0.041641951,0.79543727,0.162920758
12/31/2020,5607,5221,5280,87349,468818917,5098,0.170072861,0.642152391,0.187774745
1/3/2021,3872,3695,3872,11710,45332600,3520,0.202503046,0.706657591,0.090839382
1/4/2021,4228,3822,3850,58230,230573284,3872,0.246125307,0.632965571,0.120909104
1/5/2021,3860,3725,3744,28128,106165586,3850,0.298893107,0.533588915,0.167517981
1/6/2021,3927,3744,3905,40378,155185333,3744,0.32172863,0.606351042,0.071920339
1/7/2021,4246,3980,4192,48512,201765726,3905,0.351893851,0.607045698,0.041060438
1/10/2021,4386,4235,4250,30230,130494510,4192,0.272386739,0.716583499,0.011029761
1/11/2021,4300,4129,4175,26572,111471098,4250,0.190662636,0.805154097,0.004183266
1/12/2021,4195,4146,4170,12601,52487661,4175,0.117405936,0.780920727,0.101673337
1/13/2021,4320,4171,4320,28468,121085889,4170,0.132789104,0.801788338,0.06542256
1/17/2021,4475,4290,4465,27907,122494095,4320,0.073333639,0.924189331,0.00247704
1/18/2021,4590,4360,4394,21971,97434892,4465,0.157378713,0.78155065,0.061070656
1/19/2021,4420,4320,4391,39903,173331639,4394,0.191341052,0.766731744,0.04192722
1/20/2021,4500,4313,4358,15228,66580586,4391,0.296939533,0.652593865,0.050466571
1/21/2021,4420,4362,4395,21089,92703773,4358,0.187514588,0.688135681,0.124349723
1/24/2021,4500,4397,4420,21903,96979733,4395,0.117161902,0.876949115,0.005888983
1/25/2021,4500,4420,4429,25492,113517186,4420,0.227404238,0.487966907,0.28462886
1/26/2021,4488,4380,4381,14715,65123728,4429,0.114935482,0.821206089,0.063858426
1/27/2021,4440,4379,4409,20002,88339632,4381,0.080990904,0.757739765,0.161269342
1/28/2021,4849,4420,4800,67885,321044315,4409,0.006991601,0.499908132,0.49310026
1/31/2021,4950,4653,4734,45746,217302849,4800,0.059101904,0.680616326,0.260281782
2/1/2021,4885,4760,4800,21535,103213473,4734,0.20192626,0.672635537,0.12543822
2/2/2021,4870,4797,4833,15780,76237190,4800,0.060640455,0.7887656,0.150593933
2/3/2021,4898,4760,4800,26794,129005530,4833,0.118674057,0.821398897,0.059927036
2/4/2021,5010,4671,4940,29592,144759482,4800,0.173494597,0.81706008,0.00944533
2/7/2021,4990,4753,4814,109690,531749797,4940,0.221933033,0.75122175,0.026845234
2/8/2021,4900,4695,4700,46959,223200898,4814,0.123313279,0.820280017,0.056406676
2/9/2021,4750,4612,4660,46469,216473450,4700,0.098110291,0.749570761,0.152318958
2/10/2021,4740,4580,4590,24618,113537126,4660,0.061692305,0.804818696,0.133488996
2/11/2021,4650,4361,4451,30356,136760922,4590,0.009915674,0.865100279,0.124984044
2/14/2021,4460,4316,4350,34548,150410195,4451,0.107702723,0.76646381,0.125833466
2/15/2021,4680,4435,4590,19921,90499443,4350,0.119228784,0.820638195,0.060133012
2/16/2021,4637,4410,4450,60211,269472836,4590,0.120772653,0.745333746,0.133893593
2/17/2021,4500,4380,4418,31899,140964630,4450,0.202510131,0.65260781,0.144882047
2/18/2021,4480,4380,4428,19801,87753151,4418,0.347798957,0.580206401,0.071994643
2/21/2021,4575,4380,4519,27149,121823612,4428,0.12346997,0.81616493,0.060365107
2/22/2021,4525,4385,4403,33001,146297694,4519,0.155606899,0.824603536,0.019789569
2/23/2021,4390,4240,4352,33891,146014817,4403,0.175537421,0.706307362,0.118155203
2/24/2021,4569,4282,4311,14097,61616924,4352,0.09591684,0.751176422,0.152906743
2/25/2021,4398,4015,4250,29638,126356701,4311,0.224524937,0.541345723,0.234129335
2/28/2021,4300,4095,4101,34771,144553050,4250,0.101664004,0.614028036,0.284307973
3/1/2021,4210,4001,4138,24742,101908150,4101,0.177911015,0.803323874,0.018765143
3/2/2021,4150,3925,3980,41381,165974644,4138,0.023606253,0.852838748,0.123554998
3/3/2021,4039,3890,3939,35542,139914985,3980,0.086814471,0.697670486,0.215515059
3/4/2021,4259,4000,4190,27567,114278855,3939,0.15442566,0.564839003,0.280735333
3/7/2021,4300,4141,4150,24505,103023063,4190,0.070608268,0.798108996,0.131282727
3/9/2021,4174,4050,4061,11386,46522808,4150,0.144554692,0.740119474,0.115325837
3/10/2021,4100,3980,4080,15070,60948010,4061,0.209502759,0.716580271,0.073916969
3/14/2021,4100,3920,3955,20301,80325512,4080,0.13549031,0.731444249,0.133065463
3/15/2021,4110,3879,3931,13442,53328609,3955,0.071723079,0.925720582,0.002556335
3/16/2021,3999,3901,3946,9359,36997519,3931,0.078327553,0.778951706,0.142720765
3/17/2021,4085,3905,4070,13172,52900429,3946,0.136198423,0.842508728,0.021292865
3/18/2021,4205,4090,4150,17447,72516204,4070,0.117897022,0.828683841,0.053419156
3/21/2021,4335,4195,4299,28368,121089935,4150,0.134080658,0.797042207,0.068877131
3/22/2021,4376,4190,4190,16933,71783244,4299,0.146024277,0.791047822,0.0629279
3/23/2021,4190,4118,4135,15437,63933733,4190,0.150283391,0.661521917,0.188194681
3/24/2021,4279,4150,4168,17564,73888039,4135,0.2584154,0.731922921,0.009661674
3/25/2021,4238,4121,4150,17269,72076659,4168,0.203449695,0.729855405,0.066694893
3/29/2021,4230,4100,4118,23147,95253160,4150,0.25141232,0.745152535,0.003435147
3/30/2021,4195,4115,4135,10300,42752136,4118,0.108499723,0.776539913,0.114960378
3/31/2021,4220,4160,4216,13854,58035963,4135,0.026634419,0.904798281,0.068567281
4/1/2021,4334,4191,4241,18243,77458673,4216,0.413834137,0.515634934,0.070530938
4/4/2021,4250,4190,4194,14743,62014018,4241,0.225959879,0.60865329,0.165386846
4/5/2021,4403,4170,4275,27615,116563679,4194,0.189253738,0.805550344,0.005195918
4/6/2021,4530,4240,4453,50602,221837643,4275,0.232117178,0.623025366,0.144857448
4/7/2021,4630,4400,4410,19418,86703952,4453,0.131199064,0.864797724,0.00400321
4/8/2021,4450,4341,4360,15760,69019468,4410,0.343644204,0.638726076,0.017629735
4/12/2021,4437,4330,4401,16697,72875626,4360,0.40467952,0.454755514,0.140564989
4/13/2021,4440,4360,4427,9910,43725740,4401,0.153888556,0.80209637,0.044015063
4/15/2021,4570,4380,4488,35540,160570196,4427,0.311619275,0.623380793,0.064999932
4/18/2021,4547,4400,4435,22744,101767523,4488,0.356212875,0.513448999,0.130338125
4/19/2021,4444,4347,4360,12836,56277896,4435,0.441443371,0.389401754,0.169154891
4/20/2021,4420,4330,4363,9931,43410767,4360,0.159697966,0.786224801,0.054077225
4/21/2021,4400,4280,4289,12367,53322526,4363,0.371149636,0.497960309,0.130890063
4/22/2021,4335,4230,4334,11063,47593224,4289,0.216309806,0.657469822,0.126220368
4/25/2021,4334,4180,4201,17534,74234174,4334,0.12395951,0.698402454,0.17763804
4/26/2021,4269,4075,4113,31960,132124462,4201,0.090501559,0.721758154,0.187740293
4/27/2021,4350,4113,4325,25577,108669386,4113,0.012909027,0.886612846,0.100478122
4/28/2021,4425,4290,4350,18536,80888406,4325,0.046398449,0.703112962,0.250488604
4/29/2021,4490,4357,4465,22052,97896395,4350,0.051220552,0.935499217,0.013280245
5/2/2021,4645,4430,4638,46294,212353155,4465,0.19482857,0.631759887,0.173411556
5/3/2021,4740,4603,4620,31781,148379325,4638,0.079214728,0.817837763,0.102947514
5/4/2021,4680,4592,4630,29374,135998699,4620,0.199697453,0.491185614,0.30911693
5/5/2021,4660,4565,4565,21998,101116279,4630,0.082782949,0.708292378,0.20892468
5/6/2021,4700,4514,4521,14011,63495519,4565,0.192995825,0.618636445,0.188367731
5/9/2021,4609,4431,4466,53587,241396406,4521,0.07296352,0.587757576,0.339278923
5/10/2021,4580,4466,4563,31551,143197790,4466,0.081534008,0.817400852,0.101065135
5/11/2021,4600,4563,4563,16015,73380827,4563,0.067521371,0.683099676,0.249378948
5/12/2021,4600,4489,4530,15597,70636889,4563,0.067856403,0.683007191,0.249136389
5/13/2021,4750,4522,4535,13607,61832550,4530,0.091376471,0.778031197,0.130592332
5/16/2021,4700,4360,4643,34350,160071025,4535,0.127711764,0.745447414,0.126840831
5/17/2021,4710,4600,4625,17986,83411380,4643,0.158334468,0.755272056,0.08639348
5/18/2021,4689,4591,4632,40747,188195851,4625,0.258491636,0.678026251,0.063482113
5/19/2021,4660,4566,4570,20224,93153421,4632,0.185657948,0.694173682,0.120168373
5/20/2021,4614,4500,4508,21336,96629606,4570,0.394595222,0.536457225,0.068947548
5/23/2021,4580,4467,4514,24809,111953299,4508,0.254536935,0.619152866,0.126310197
5/24/2021,4579,4500,4529,15647,70791056,4514,0.16592925,0.73340777,0.100662997
5/25/2021,4542,4490,4500,15154,68305256,4529,0.249008694,0.617297973,0.133693354
5/27/2021,4725,4420,4501,25659,115905720,4500,0.104715151,0.723451577,0.171833287
5/30/2021,4640,4490,4510,18683,84563394,4501,0.130120161,0.826240562,0.043639281
5/31/2021,4550,4430,4432,23160,103727432,4510,0.267119522,0.662793552,0.070086913
6/1/2021,4475,4385,4398,13680,60327475,4432,0.489534786,0.384364917,0.12610029
6/2/2021,4475,4385,4540,17291,77563938,4398,0.510482121,0.483430418,0.006087445
6/3/2021,4600,4500,4530,13536,61349360,4540,0.391489973,0.213599668,0.394910355
6/6/2021,4750,4500,4540,20517,92647023,4530,0.197397325,0.693511531,0.109091145
6/7/2021,4570,4515,4560,41340,187547394,4540,0.404395922,0.430202081,0.165402006
6/8/2021,4670,4534,4631,36822,169443424,4560,0.223611242,0.660587528,0.115801235
6/9/2021,5020,4670,4830,68771,332931555,4631,0.161234003,0.711713995,0.127051992
6/10/2021,4970,4801,4880,31661,154462199,4830,0.24320525,0.647428108,0.109366648
6/13/2021,5060,4855,5009,53303,264823610,4880,0.130376415,0.716859906,0.152763696
6/14/2021,5509,5021,5495,93750,502931850,5009,0.229933903,0.503256132,0.26680995
6/15/2021,5916,5500,5738,72941,420322461,5495,0.32311506,0.546240389,0.130644548
6/16/2021,5788,5194,5389,101045,555753642,5738,0.183827175,0.701792726,0.11438011
6/17/2021,5465,5300,5390,44989,242157044,5389,0.177848589,0.650674206,0.171477223
6/20/2021,5470,5176,5260,46803,246693646,5390,0.366406523,0.467589194,0.166004277
6/21/2021,5300,5050,5079,48419,248746930,5260,0.335004139,0.500780045,0.164215815
6/22/2021,5279,5016,5235,31149,160786252,5079,0.211694583,0.666346482,0.121958928
6/23/2021,5300,5093,5116,30891,159427490,5235,0.111937504,0.66548384,0.222578642
6/24/2021,5195,5041,5099,16464,83906234,5116,0.247596795,0.582874602,0.169528602
6/27/2021,5215,5100,5155,25001,129313056,5099,0.080653279,0.898182902,0.021163818
6/28/2021,5235,5170,5190,16762,87180829,5155,0.171482188,0.789856768,0.038661036
6/29/2021,5200,5077,5099,19589,100139420,5190,0.222626049,0.556682031,0.220691933
6/30/2021,5130,5025,5110,17070,86458896,5099,0.090292467,0.902336484,0.007371041
7/1/2021,5200,5131,5150,19149,98854876,5110,0.235105981,0.651296995,0.113597041
7/4/2021,5285,5160,5263,26027,136469511,5150,0.108665503,0.64483582,0.246498694
7/5/2021,5740,5260,5685,74216,412089732,5263,0.045035504,0.756142961,0.19882156
7/6/2021,5898,5601,5636,62542,358902745,5685,0.1073892,0.681472875,0.211137919
7/7/2021,5673,5451,5462,42637,235377145,5636,0.092135034,0.591402152,0.316462822
7/8/2021,5534,5376,5525,31884,174648955,5462,0.037856393,0.559581983,0.402561625
7/11/2021,5801,5535,5605,31450,176268769,5525,0.077060889,0.673990328,0.2489488
7/12/2021,5659,5467,5500,40760,226160498,5605,0.050103178,0.645248698,0.304648131
7/13/2021,5579,5442,5498,21481,118746911,5500,0.154733726,0.516091199,0.329175079
7/14/2021,5550,5400,5487,36175,197257113,5498,0.026461141,0.702819676,0.270719171
7/15/2021,5585,5413,5512,24161,133201014,5487,0.075129832,0.632954033,0.291916134
7/18/2021,5731,5540,5700,42363,240173646.5,5512,0.080225751,0.601668793,0.318105437
7/19/2021,5800,5650,5665,23812,135840254,5700,0.029796397,0.670793844,0.299409762
7/20/2021,5750,5640,5669,15681,88868572,5665,0.032622065,0.695383095,0.271994822
7/22/2021,5720,5650,5700,20833,118643016.1,5669,0.076512631,0.722944621,0.200542741
7/25/2021,5850,5586.1,5838,25302,146797023,5700,0.04038383,0.58223252,0.377383662
7/26/2021,6120,5900,6110,55482,335652909.2,5838,0.028179047,0.732665908,0.239155048
7/27/2021,6600,6000,6588,47120,303091786.6,6110,0.080115376,0.510001047,0.409883567
7/28/2021,6845,6518,6594,27798,185306706.5,6588,0.07100683,0.598455784,0.330537401
7/29/2021,6645,6375,6440,45643,294437230.7,6594,0.046777179,0.525462268,0.427760542
8/1/2021,6650,6350,6600,29342,192369975.6,6440,0.043393012,0.698270053,0.258336946
8/2/2021,6785,6543,6650,20234,135325376.8,6600,0.026621291,0.753877768,0.219500941
8/3/2021,6833,6520,6815,29101,195916023,6650,0.03559864,0.69445028,0.269951072
8/4/2021,6899,6738,6755,16039,109366973.3,6815,0.026707338,0.59366235,0.379630318
8/5/2021,6737,6650,6699,14696,98416482.5,6755,0.021181048,0.82978177,0.149037169
8/8/2021,6825,6705,6749,11518,77585810,6699,0.02558758,0.651131455,0.323280963
8/9/2021,6749,6670,6675,14752,98730522.3,6749,0.052299098,0.645192748,0.302508151
8/10/2021,6710,6600,6650,22304,148073600.5,6675,0.035667426,0.657199505,0.307133053
8/11/2021,6730,6610.1,6660,9798,65254014,6650,0.037829725,0.633701179,0.328469106
8/12/2021,6720,6526.8,6645,11421,75973029,6660,0.063071163,0.703233453,0.233695381
8/15/2021,7119,6680,7045,114302,792542831.5,6645,0.025316842,0.780754617,0.193928543
8/16/2021,7475,7050,7474,55978,406959489.7,7045,0.021910576,0.728448801,0.249640622
8/17/2021,7938,7500,7624,45672,351954588.7,7474,0.025843983,0.713710003,0.260446013
8/18/2021,7680,7450,7535,32643,245842463.5,7624,0.03651225,0.766322906,0.197164871
8/19/2021,7655,7401,7480,23871,179425068.5,7535,0.023010278,0.751358092,0.225631632
8/24/2021,7505,7325,7350,26000,191990845.5,7480,0.052994772,0.611918797,0.335086436
8/25/2021,7325,7155,7171,32846,237298268.6,7350,0.03627046,0.578299618,0.38542992
8/26/2021,7290,7080,7200,27554,197742959,7171,0.136862549,0.545892482,0.317244972
8/29/2021,7300,6966,6996,48510,342199724.1,7200,0.081581816,0.632228749,0.286189452
8/31/2021,6997,6750,6790,72241,492313883.7,6996,0.025150457,0.703130678,0.27171889
9/1/2021,6925,6750,6800,34193,233676927.6,6790,0.028144149,0.678730586,0.293125281
9/2/2021,7074.7,6700,6748,29636,201079290.7,6800,0.02588179,0.636839571,0.33727864
9/5/2021,6790,6500,6650,45799,301962475.4,6748,0.019050585,0.562606281,0.418343152
9/6/2021,7071,6533,7055,39344,268896313.5,6650,0.032287168,0.771754464,0.195958381
9/7/2021,7180,6800,6910,20123,139190045.9,7055,0.076125872,0.613456764,0.31041737
9/8/2021,6900,6750,6755,17026,115520001.2,6910,0.026931141,0.718988194,0.254080644
9/9/2021,6849,6650,6781,12831,86483952.4,6755,0.020635346,0.754443254,0.2249214
9/12/2021,7200,6650,7200,28796,200169446.4,6781,0.038913224,0.672750713,0.288336045
9/13/2021,7343,7070,7100,25144,180762001.2,7200,0.045274865,0.70515887,0.249566294
9/14/2021,7185,6970,7000,14033,98910705.5,7100,0.041942316,0.763271021,0.194786661
9/15/2021,7000,6835,6870,18811,129640820,7000,0.053988146,0.759161828,0.186850037
9/16/2021,6829,6621,6760,30395,204390507.7,6870,0.069555671,0.693770985,0.236673336
9/20/2021,6800,6600,6645,33932,225589771.5,6760,0.099161454,0.59249312,0.308345415
9/21/2021,6800,6500,6660,30373,201936171,6645,0.041910292,0.654530832,0.30355887
9/22/2021,6923,6740,6841,22671,154889649,6660,0.039052345,0.805223161,0.155724494
9/23/2021,7050,6790,6836,23102,159195446.3,6841,0.056094974,0.65153397,0.292371048
9/26/2021,6900,6715,6763,13279,89961173.4,6836,0.035791922,0.679361575,0.284846498
9/27/2021,6750,6630,6682,19357,129218760.6,6763,0.06710702,0.632542769,0.300350213
9/28/2021,6700,6493,6500,26449,173848989.8,6682,0.083455431,0.546656048,0.369888513
9/29/2021,6605,6450,6591,28430,185919465,6500,0.025111536,0.788953119,0.185935353
9/30/2021,6665,6511,6521,14931,98465820.9,6591,0.079923127,0.619070791,0.301006081
10/3/2021,6525,6375,6400.1,20771,133610910,6521,0.026909909,0.773976217,0.199113896
10/4/2021,6490,6225,6301,16297,102996839,6400.1,0.032448307,0.779568016,0.187983677
10/5/2021,6520,6301,6501,11395,73409983.5,6301,0.073194788,0.666467655,0.260337545
10/6/2021,6859,6510,6859,21990,147534079.1,6501,0.025543982,0.817506137,0.1569499
10/10/2021,6996,6681,6690,19489,132539332.6,6859,0.020224008,0.811779858,0.167996147
10/11/2021,7090,6500,6885,25225,169241317.5,6690,0.032410157,0.820373939,0.147215919
10/17/2021,6980,6738,6899,11039,75350743,6885,0.126861077,0.718431726,0.154707189
10/18/2021,6868,6670,6685,14344,96534056.5,6899,0.021824499,0.801575592,0.176599905
10/19/2021,6630,6480,6525,13964,91150411.5,6685,0.076042431,0.739924128,0.184033451
10/20/2021,6834,6600,6688,11689,78146189,6525,0.076831496,0.600727197,0.322441284
10/21/2021,6755,6600,6640,9478,63283280.3,6688,0.024501434,0.775281778,0.200216801
10/24/2021,6772,6620,6635,7015,46718360.6,6640,0.037754638,0.628107523,0.334137843
10/25/2021,6810,6597,6790,9944,67247754.8,6635,0.036371523,0.767221076,0.196407411
10/26/2021,6900,6790,6900,16965,116197358.9,6790,0.026240517,0.782637075,0.191122389
10/27/2021,6960,6810,6866,14981,103336597.5,6900,0.071738494,0.667302376,0.260959122
10/28/2021,6872,6770,6847,7805,53450262,6866,0.025899611,0.806528559,0.167571825
10/31/2021,7259,6892,7164,32122,229399889.4,6847,0.057963046,0.811147506,0.130889441
11/1/2021,7307,7000,7098,13902,98844852.7,7164,0.013652766,0.828580717,0.157766501
11/2/2021,7160,6976,7101,12089,85366974,7098,0.045323558,0.775030925,0.17964552
11/3/2021,7269,7133,7174,18314,131798833.8,7101,0.02123134,0.801988066,0.176780604
11/8/2021,7269,7110,7130,9120,65509592.5,7174,0.019387932,0.823003073,0.15760899
11/9/2021,7125.6,6895,6900,16449,114986207.4,7130,0.025488026,0.805077222,0.16943475
11/11/2021,7000,6763,6910,15307,105191642,6900,0.028333424,0.726339695,0.245326869
11/14/2021,6910,6801,6820,13961,95735074.5,6910,0.022800888,0.889386476,0.087812646
11/15/2021,7000,6825,6839,13023,89831187,6820,0.021418909,0.815541818,0.163039269
11/16/2021,6994,6800,6994,9340,64567010.4,6839,0.018777822,0.671903745,0.309318424
11/17/2021,7085,6854.2,6901,10450,72800996.7,6994,0.025032511,0.781987006,0.192980488
11/18/2021,6966,6800.2,6810,9820,67303367.6,6901,0.026915138,0.809158987,0.163925851
11/21/2021,6987,6780,6829,6710,45830095,6810,0.024969224,0.752233876,0.2227969
11/22/2021,6945,6828,6869,5496,37666124,6829,0.028418093,0.703464468,0.268117444
11/23/2021,6889,6750,6800,8917,60638951.8,6869,0.038634964,0.578134834,0.383230201
11/24/2021,6850,6680,6819,6292,42463069.2,6800,0.06854247,0.766069619,0.165387918
11/25/2021,6883,6660,6813,3995,27142530,6819,0.028362596,0.834938317,0.136699086
11/28/2021,6780,6630,6665,13393,89451123,6813,0.031103308,0.665533644,0.30336304
11/29/2021,6785,6551,6580,11363,75332736,6665,0.131742533,0.391026877,0.477230588
11/30/2021,6700,6444,6497,15804,102364922,6580,0.113457782,0.634392506,0.252149707
12/1/2021,6598,6465,6475,16168,105133064.1,6497,0.072072689,0.688111585,0.239815727
12/2/2021,6597,6250,6295,18586,117919022.5,6475,0.11226031,0.452098266,0.435641408
12/5/2021,6310,5940,5960,28518,172299631.9,6295,0.031512278,0.620217992,0.348269727
12/6/2021,6083,5701,5990,25700,149712433.5,5960,0.015412392,0.62019142,0.364396208
12/7/2021,6100,5860,5897,12636,75504320,5990,0.023516996,0.600809983,0.375673006
12/8/2021,5880,5600,5650,16576,94612442.5,5897,0.057248968,0.70422605,0.238524982
12/9/2021,5710,5501,5689.9,15793,88552205.2,5650,0.043822616,0.772273009,0.183904382
12/12/2021,5795,5490,5500,11768,65632437.1,5689.9,0.019513068,0.803711408,0.176775525
12/13/2021,5497,5235,5239,22727,120826450.3,5500,0.03125089,0.694461215,0.2742879
12/14/2021,5538,5250,5538,7850,42451365.5,5239,0.025344026,0.798998775,0.175657212
12/15/2021,5774,5510,5720,22545,127848765.5,5538,0.021164124,0.620315451,0.358520416
12/16/2021,5750,5520,5670,9712,54727323,5720,0.030044809,0.775280349,0.194674833
12/20/2021,6237,5601,6237,30878,186641138,5670,0.179695731,0.562222467,0.258081789
12/21/2021,6616,6361.7,6400,22573,145869420.5,6237,0.064720747,0.787473099,0.147806174
12/22/2021,7040,6528,7000,98023,683450652.1,6400,0.014393697,0.890395461,0.095210836
12/23/2021,7195,6795,6800,52323,362484836.8,7000,0.021367882,0.881904694,0.096727426
12/26/2021,6950,6830,6932,38601,266652685.4,6800,0.021062926,0.616661277,0.362275803
12/27/2021,6998,6750,6799,31083,214119301.5,6932,0.022937875,0.536256104,0.440806006
12/28/2021,6950,6700,6918,38340,263943527.1,6799,0.022490258,0.517222599,0.460287153
12/29/2021,7000,6830,6870,76179,525580504.3,6918,0.017097944,0.665395454,0.31750659
1/3/2022,4440,4220,4249,65839,284470570.5,4318,0.039377958,0.731382743,0.229239292
1/4/2022,4298,4200,4214,25045,106023226.3,4249,0.070115106,0.64687484,0.283010041
1/5/2022,4298,4135,4141,24304,101434907,4214,0.026013079,0.620397777,0.353589145
1/6/2022,4193,4121,4170,21060,87794523.7,4141,0.021318365,0.677347388,0.301334258
1/9/2022,4300,4170,4245,24591,104204384.9,4170,0.133376274,0.59087387,0.275749852
1/10/2022,4310,4230,4245,18536,79003284.2,4245,0.060879851,0.527878213,0.411241922
1/12/2022,4430,4258,4330,39177,170641189.6,4257.9,0.046891977,0.450876428,0.502231593
1/13/2022,4488,4335,4486,32630,144492334,4330,0.022547672,0.586449921,0.391002404
1/16/2022,4900,4575,4888,44963,215550767.7,4486,0.029930487,0.69427541,0.275794109
1/20/2022,4845,4736,4830,19851,95571466.6,4780,0.025420265,0.65637437,0.318205361
1/23/2022,4950,4820,4847,17123,83319773,4830,0.012749689,0.617601316,0.369648989
1/24/2022,4850,4656,4665,39361,185306447.9,4847,0.017794826,0.500975772,0.481229399
1/25/2022,4763.3,4550,4694,23364,109456012.7,4665,0.020765171,0.454453186,0.524781654
1/26/2022,4740,4570,4614,18485,85396982.6,4694,0.040579449,0.517457167,0.44196339
1/27/2022,4672,4606,4607,10162,47006279.4,4614,0.01539348,0.516329166,0.468277342
1/30/2022,4950,4699,4799,19619,93826517.7,4607,0.026368881,0.659981441,0.313649669
1/31/2022,4850,4731,4750,13298,63354309.9,4799,0.017228288,0.653600888,0.329170835
2/1/2022,4800,4730,4765,10691,50923351.4,4750,0.037038042,0.633851391,0.32911057
2/3/2022,4860,4725,4732,14231,67838369.3,4765,0.020724489,0.574400933,0.404874603
2/6/2022,4750,4650,4650,12822,59949490,4732,0.064989053,0.52567851,0.409332429
2/20/2022,4224,4086.7,4157,36960,153879849.3,4255,0.039277902,0.535353555,0.425368547
2/21/2022,4200,4150,4172,17959,74885158,4150,0.022490258,0.517222599,0.460287153
2/22/2022,4215,4160,4166,24890,104188506,4200,0.017097944,0.665395454,0.31750659
2/23/2022,4215,4120,4136,23081,95829964,4170,0.039377958,0.731382743,0.229239292
2/24/2022,4118,4040,4048,30848,125599408,4115,0.070115106,0.64687484,0.283010041
2/27/2022,4128,4000,4029,18596,75222697,4048,0.026013079,0.620397777,0.353589145
2/28/2022,4110,3950,3969,33473,133679839,4100,0.021318365,0.677347388,0.301334258
3/2/2022,3995,3860,3860,30789,119680471,3969,0.133376274,0.59087387,0.275749852
3/6/2022,3935,3825,3889,21518,83603188,3900,0.060879851,0.527878213,0.411241922
